{
    "A-881757": {
        "composition": {
            "FeO": {
                "mu": 0.2255,
                "sigma": 0.14387494569938158
            },
            "TiO2": {
                "mu": 0.024399999999999998,
                "sigma": 0.06999999999999999
            },
            "Th": {
                "mu": 0.44,
                "sigma": 0.31622776601683794
            }
        }
    },
    "ALHA81005": {
        "composition": {
            "FeO": {
                "mu": 0.055,
                "sigma": 0.0282842712474619
            },
            "TiO2": {
                "mu": 0.003,
                "sigma": 0.02
            },
            "Th": {
                "mu": 0.3,
                "sigma": 0.2449489742783178
            }
        }
    },
    "Calcalong Creek": {
        "composition": {
            "FeO": {
                "mu": 0.09519999999999999,
                "sigma": 0.10488088481701516
            },
            "TiO2": {
                "mu": 0.0079,
                "sigma": 0.03162277660168379
            },
            "Th": {
                "mu": 3.92,
                "sigma": 0.6557438524302001
            }
        }
    },
    "DaG 400": {
        "composition": {
            "FeO": {
                "mu": 0.036699999999999997,
                "sigma": 0.03162277660168379
            },
            "TiO2": {
                "mu": 0.0018,
                "sigma": 0.01
            },
            "Th": {
                "mu": 0.23,
                "sigma": 0.282842712474619
            }
        }
    },
    "Dho 287": {
        "composition": {
            "FeO": {
                "mu": 0.20379999999999998,
                "sigma": 0.14212670403551894
            },
            "TiO2": {
                "mu": 0.0264,
                "sigma": 0.0469041575982343
            },
            "Th": {
                "mu": 0.9,
                "sigma": 0.458257569495584
            }
        }
    },
    "Dho 287 regolith breccia": {
        "composition": {
            "FeO": {
                "mu": 0.1895,
                "sigma": 0.21189620100417092
            },
            "TiO2": {
                "mu": 0.0248,
                "sigma": 0.11532562594670796
            }
        }
    },
    "Dho 925": {
        "composition": {
            "FeO": {
                "mu": 0.0809,
                "sigma": 0.09797958971132711
            },
            "TiO2": {
                "mu": 0.0031,
                "sigma": 0.02449489742783178
            },
            "Th": {
                "mu": 0.94,
                "sigma": 0.1
            }
        }
    },
    "Dho 961": {
        "composition": {
            "FeO": {
                "mu": 0.1114,
                "sigma": 0.10295630140987
            },
            "TiO2": {
                "mu": 0.0063,
                "sigma": 0.03605551275463989
            },
            "Th": {
                "mu": 2.86,
                "sigma": 0.812403840463596
            }
        }
    },
    "Kalahari 008": {
        "composition": {
            "FeO": {
                "mu": 0.0487,
                "sigma": 0.052915026221291815
            },
            "TiO2": {
                "mu": 0.004,
                "sigma": 0.04
            },
            "Th": {
                "mu": 0.18,
                "sigma": 0.1
            }
        }
    },
    "Kalahari 009": {
        "composition": {
            "FeO": {
                "mu": 0.1643,
                "sigma": 0.12489995996796797
            },
            "TiO2": {
                "mu": 0.0026,
                "sigma": 0.022360679774997897
            },
            "Th": {
                "mu": 0.2,
                "sigma": 0.22360679774997896
            }
        }
    },
    "LAP 02205": {
        "composition": {
            "FeO": {
                "mu": 0.22030000000000002,
                "sigma": 0.11958260743101398
            },
            "TiO2": {
                "mu": 0.0329,
                "sigma": 0.05830951894845301
            },
            "Th": {
                "mu": 2.1,
                "sigma": 0.469041575982343
            }
        }
    },
    "LAP 02224": {
        "composition": {
            "FeO": {
                "mu": 0.2228,
                "sigma": 0.07937253933193772
            },
            "TiO2": {
                "mu": 0.030299999999999997,
                "sigma": 0.052915026221291815
            },
            "Th": {
                "mu": 2.08,
                "sigma": 0.458257569495584
            }
        }
    },
    "LAP 02436": {
        "composition": {
            "FeO": {
                "mu": 0.21899999999999997,
                "sigma": 0.0888819441731559
            },
            "TiO2": {
                "mu": 0.028900000000000002,
                "sigma": 0.04795831523312719
            },
            "Th": {
                "mu": 1.76,
                "sigma": 0.5099019513592785
            }
        }
    },
    "MET 01210": {
        "composition": {
            "FeO": {
                "mu": 0.1525,
                "sigma": 0.16703293088490065
            },
            "TiO2": {
                "mu": 0.0148,
                "sigma": 0.09486832980505139
            },
            "Th": {
                "mu": 0.86,
                "sigma": 0.4472135954999579
            }
        }
    },
    "MIL 05035": {
        "composition": {
            "FeO": {
                "mu": 0.21350000000000002,
                "sigma": 0.06782329983125268
            },
            "TiO2": {
                "mu": 0.011699999999999999,
                "sigma": 0.061644140029689765
            },
            "Th": {
                "mu": 0.28,
                "sigma": 0.2645751311064591
            }
        }
    },
    "NEA 003": {
        "composition": {
            "FeO": {
                "mu": 0.2183,
                "sigma": 0.12124355652982141
            },
            "TiO2": {
                "mu": 0.0134,
                "sigma": 0.1705872210923198
            },
            "Th": {
                "mu": 0.43,
                "sigma": 1.0908712114635715
            }
        }
    },
    "NWA 4472,4485": {
        "composition": {
            "FeO": {
                "mu": 0.0926,
                "sigma": 0.03
            },
            "TiO2": {
                "mu": 0.0128,
                "sigma": 0.05099019513592785
            },
            "Th": {
                "mu": 6.99,
                "sigma": 0.282842712474619
            }
        }
    },
    "NWA 482": {
        "composition": {
            "FeO": {
                "mu": 0.035699999999999996,
                "sigma": 0.03162277660168379
            },
            "TiO2": {
                "mu": 0.0016,
                "sigma": 0.017320508075688773
            },
            "Th": {
                "mu": 0.24,
                "sigma": 0.1
            }
        }
    },
    "NWA 4898": {
        "composition": {
            "FeO": {
                "mu": 0.1727,
                "sigma": 0.03162277660168379
            },
            "TiO2": {
                "mu": 0.0239,
                "sigma": 0.04330127018922193
            },
            "Th": {
                "mu": 0.44,
                "sigma": 0.31622776601683794
            }
        }
    },
    "NWA 4932": {
        "composition": {
            "FeO": {
                "mu": 0.0855,
                "sigma": 0.08831760866327847
            },
            "TiO2": {
                "mu": 0.0031,
                "sigma": 0.026457513110645908
            },
            "Th": {
                "mu": 5,
                "sigma": 0.34641016151377546
            }
        }
    },
    "NWA 773": {
        "composition": {
            "FeO": {
                "mu": 0.1967,
                "sigma": 0.10099504938362078
            },
            "TiO2": {
                "mu": 0.0062,